<?xml version="1.0" encoding="utf-8"?>
<odoo>
    <record id="flower_watering_action" model="ir.cron">
        <field name="name">Flower Watering Action</field>
        <field name="model_id" ref="stock.model_product_template"/>
        <field name="state">code</field>
        <field name="code">model.action_need_watering()</field>
        <field name="interval_number">1</field>
        <field name="interval_type">days</field>
        <field name="numbercall">-1</field>
    </record>
</odoo>


<!--model="ir.ui.tree"-->