<?xml version="1.0" encoding="utf-8"?>
<odoo>
    <data>

        <record id="sale_order_paper_format" model="report.paperformat">
            <field name="name">Sale Order Paper Format - Report</field>
            <field name="default" eval="True"/>
            <field name="format">custom</field>
            <field name="page_height">75</field>
            <field name="page_width">75</field>
            <field name="orientation">Portrait</field>
            <field name="margin_top">0</field>
            <field name="margin_bottom">0</field>
            <field name="margin_left">0</field>
            <field name="margin_right">0</field>
            <field name="header_line" eval="False"/>
            <field name="header_spacing">35</field>
            <field name="dpi">90</field>
        </record>

        <record id="print_report_action" model="ir.actions.report">
            <field name="name">A Name for Your Report</field>
            <field name="model">sale.order</field>
            <field name="report_name">sale_order_paper_format</field>
            <field name="binding_model_id" ref="sale.model_sale_order"/>
            <field name="binding_type">report</field>
            <field name="paperformat_id" ref="sale_order_paper_format"/>
        </record>

    </data>
</odoo>