<?xml version="1.0" encoding="utf-8"?>
<odoo>
    <data>

        <record id="flower_product_product_rule" model="ir.rule">
            <field name="name">Flower Product Product</field>
            <field name="model_id" ref="product.model_product_product"/>
            <field name="domain_force">['|', ('gardeners_ids', 'in', user.id), ('gardeners_ids', '=', False)]</field>
            <field name="perm_read">1</field>
            <field name="perm_create">0</field>
            <field name="perm_unlink">0</field>
            <field name="perm_write">0</field>
            <field name="groups" eval="[(4, ref('btco_sallys_flower_shop.gardner_user'))]"/>
        </record>

    </data>
</odoo>